Mappa,Vector package,Tiff300
[EMSR177] Accumoli: Grading Map Monitoring 2,http://emergency.copernicus.eu/mapping/download/131671/EMSR177_08ACCUMOLI_GRADING_OVERVIEW-MONIT02_v1_vector.zip,http://emergency.copernicus.eu/mapping/system/files/components/EMSR177_08ACCUMOLI_GRADING_OVERVIEW-MONIT02_v1_300dpi.tif
[EMSR177] Accumoli Aerial: Grading Map,http://emergency.copernicus.eu/mapping/download/131806/EMSR177_25ACCUMOLIAERIAL_GRADING_OVERVIEW_v1_vector.zip,http://emergency.copernicus.eu/mapping/system/files/components/EMSR177_25ACCUMOLIAERIAL_GRADING_OVERVIEW_v1_300dpi.tif
[EMSR177] Amatrice Aerial: Grading Map,http://emergency.copernicus.eu/mapping/download/131950/EMSR177_20AMATRICEAERIAL_GRADING_OVERVIEW_v1_vector.zip,http://emergency.copernicus.eu/mapping/system/files/components/EMSR177_20AMATRICEAERIAL_GRADING_OVERVIEW_v1_300dpi.tif
[EMSR177] Amatrice East: Grading Map Monitoring 1,http://emergency.copernicus.eu/mapping/download/131820/EMSR177_11AMATRICEEAST_GRADING_OVERVIEW-MONIT01_v1_vector.zip,http://emergency.copernicus.eu/mapping/system/files/components/EMSR177_11AMATRICEEAST_GRADING_OVERVIEW-MONIT01_v1_300dpi.tif
[EMSR177] Amatrice West: Grading Map Monitoring 2,http://emergency.copernicus.eu/mapping/download/131609/EMSR177_10AMATRICEWEST_GRADING_OVERVIEW-MONIT02_v1_vector.zip,http://emergency.copernicus.eu/mapping/system/files/components/EMSR177_10AMATRICEWEST_GRADING_OVERVIEW-MONIT02_v1_300dpi.tif
[EMSR177] Arafranco Pinaco: Grading Map Monitoring 2,http://emergency.copernicus.eu/mapping/download/131641/EMSR177_13ARAFRANCOPINACO_GRADING_OVERVIEW-MONIT02_v1_vector.zip,http://emergency.copernicus.eu/mapping/system/files/components/EMSR177_13ARAFRANCOPINACO_GRADING_OVERVIEW-MONIT02_v1_300dpi.tif
[EMSR177] Arquata del Tronto Aerial: Grading Map,http://emergency.copernicus.eu/mapping/download/131961/EMSR177_19ARQUATADELTRONTOAERIAL_GRADING_OVERVIEW_v2_vector.zip,http://emergency.copernicus.eu/mapping/system/files/components/EMSR177_19ARQUATADELTRONTOAERIAL_GRADING_OVERVIEW_v2_300dpi.tif
[EMSR177] Capodacqua: Grading Map Monitoring 2,http://emergency.copernicus.eu/mapping/download/131716/EMSR177_04CAPODACQUA_GRADING_OVERVIEW-MONIT02_v1_vector.zip,http://emergency.copernicus.eu/mapping/system/files/components/EMSR177_04CAPODACQUA_GRADING_OVERVIEW-MONIT02_v1_300dpi.tif
[EMSR177] Capodacqua Aerial: Grading Map,http://emergency.copernicus.eu/mapping/download/131774/EMSR177_14CAPODACQUAAERIAL_GRADING_OVERVIEW_v1_vector.zip,http://emergency.copernicus.eu/mapping/system/files/components/EMSR177_14CAPODACQUAAERIAL_GRADING_OVERVIEW_v1_300dpi.tif
[EMSR177] Casale Aerial: Grading Map,http://emergency.copernicus.eu/mapping/download/131853/EMSR177_15CASALEAERIAL_GRADING_OVERVIEW_v1_vector.zip,http://emergency.copernicus.eu/mapping/system/files/components/EMSR177_15CASALEAERIAL_GRADING_OVERVIEW_v1_300dpi.tif
[EMSR177] Castiglione: Grading Map Monitoring 2,http://emergency.copernicus.eu/mapping/download/131630/EMSR177_12CASTIGLIONE_GRADING_OVERVIEW-MONIT02_v1_vector.zip,http://emergency.copernicus.eu/mapping/system/files/components/EMSR177_12CASTIGLIONE_GRADING_OVERVIEW-MONIT02_v1_300dpi.tif
[EMSR177] Colle: Grading Map Monitoring 2,http://emergency.copernicus.eu/mapping/download/131656/EMSR177_06COLLE_GRADING_OVERVIEW-MONIT02_v1_vector.zip,http://emergency.copernicus.eu/mapping/system/files/components/EMSR177_06COLLE_GRADING_OVERVIEW-MONIT02_v1_300dpi.tif
[EMSR177] Cornillo Vecchio Aerial: Grading Map,http://emergency.copernicus.eu/mapping/download/131890/EMSR177_22CORNILLOVECCHIOAERIAL_GRADING_OVERVIEW_v1_vector.zip,http://emergency.copernicus.eu/mapping/system/files/components/EMSR177_22CORNILLOVECCHIOAERIAL_GRADING_OVERVIEW_v1_300dpi.tif
[EMSR177] Forca Canapine: Grading Map Monitoring 2,http://emergency.copernicus.eu/mapping/download/131684/EMSR177_01FORCACANAPINE_GRADING_OVERVIEW-MONIT02_v1_vector.zip,http://emergency.copernicus.eu/mapping/system/files/components/EMSR177_01FORCACANAPINE_GRADING_OVERVIEW-MONIT02_v1_300dpi.tif
[EMSR177] Grisciano: Grading Map Monitoring 2,http://emergency.copernicus.eu/mapping/download/131726/EMSR177_05GRISCIANO_GRADING_OVERVIEW-MONIT02_v1_vector.zip,http://emergency.copernicus.eu/mapping/system/files/components/EMSR177_05GRISCIANO_GRADING_OVERVIEW-MONIT02_v1_300dpi.tif
[EMSR177] Illica Aerial: Grading Map,http://emergency.copernicus.eu/mapping/download/131755/EMSR177_16ILLICAAERIAL_GRADING_OVERVIEW_v1_vector.zip,http://emergency.copernicus.eu/mapping/system/files/components/EMSR177_16ILLICAAERIAL_GRADING_OVERVIEW_v1_300dpi.tif
[EMSR177] Lago Secco: Grading Map Monitoring 2,http://emergency.copernicus.eu/mapping/download/131599/EMSR177_09LAGOSECCO_GRADING_OVERVIEW-MONIT02_v1_vector.zip,http://emergency.copernicus.eu/mapping/system/files/components/EMSR177_09LAGOSECCO_GRADING_OVERVIEW-MONIT02_v1_300dpi.tif
[EMSR177] Pescara del Tronto Aerial: Grading Map,http://emergency.copernicus.eu/mapping/download/131842/EMSR177_17PESCARADELTRONTOAERIAL_GRADING_OVERVIEW_v1_vector.zip,http://emergency.copernicus.eu/mapping/system/files/components/EMSR177_17PESCARADELTRONTOAERIAL_GRADING_OVERVIEW_v1_300dpi.tif
[EMSR177] Poggio Vitellino Aerial: Grading Map,http://emergency.copernicus.eu/mapping/download/131913/EMSR177_21POGGIOVITELLINOAERIAL_GRADING_OVERVIEW_v1_vector.zip,http://emergency.copernicus.eu/mapping/system/files/components/EMSR177_21POGGIOVITELLINOAERIAL_GRADING_OVERVIEW_v1_300dpi.tif
[EMSR177] Rocchetta Aerial: Grading Map,http://emergency.copernicus.eu/mapping/download/131900/EMSR177_24ROCCHETTAAERIAL_GRADING_OVERVIEW_v1_vector.zip,http://emergency.copernicus.eu/mapping/system/files/components/EMSR177_24ROCCHETTAAERIAL_GRADING_OVERVIEW_v1_300dpi.tif
[EMSR177] Saletta Aerial: Grading Map,http://emergency.copernicus.eu/mapping/download/131785/EMSR177_18SALETTAAERIAL_GRADING_OVERVIEW_v1_vector.zip,http://emergency.copernicus.eu/mapping/system/files/components/EMSR177_18SALETTAAERIAL_GRADING_OVERVIEW_v1_300dpi.tif
[EMSR177] San Lorenzo e Flaviano Aerial: Grading Map,http://emergency.copernicus.eu/mapping/download/131935/EMSR177_23SANLORENZOEFLAVIANOAERIAL_GRADING_OVERVIEW_v1_vector.zip,http://emergency.copernicus.eu/mapping/system/files/components/EMSR177_23SANLORENZOEFLAVIANOAERIAL_GRADING_OVERVIEW_v1_300dpi.tif
[EMSR177] Sant'Angelo Aerial: Grading Map,http://emergency.copernicus.eu/mapping/download/131924/EMSR177_26SANTANGELOAERIAL_GRADING_OVERVIEW_v1_vector.zip,http://emergency.copernicus.eu/mapping/system/files/components/EMSR177_26SANTANGELOAERIAL_GRADING_OVERVIEW_v1_300dpi.tif
[EMSR177] Terracino: Grading Map Monitoring 2,http://emergency.copernicus.eu/mapping/download/131742/EMSR177_07TERRACINO_GRADING_OVERVIEW-MONIT02_v1_vector.zip,http://emergency.copernicus.eu/mapping/system/files/components/EMSR177_07TERRACINO_GRADING_OVERVIEW-MONIT02_v1_300dpi.tif
[EMSR177] Trisungo: Grading Map Monitoring 2,http://emergency.copernicus.eu/mapping/download/131704/EMSR177_03TRISUNGO_GRADING_OVERVIEW-MONIT02_v1_vector.zip,http://emergency.copernicus.eu/mapping/system/files/components/EMSR177_03TRISUNGO_GRADING_OVERVIEW-MONIT02_v1_300dpi.tif
[EMSR177] Vezzano: Grading Map, Monitoring 2,http://emergency.copernicus.eu/mapping/download/131694/EMSR177_02VEZZANO_GRADING_OVERVIEW-MONIT02_v1_vector.zip,http://emergency.copernicus.eu/mapping/system/files/components/EMSR177_02VEZZANO_GRADING_OVERVIEW-MONIT02_v1_300dpi.tif
